Log_ID,Node_ID,Issue_Type,Resolution_Time_Hours,Technician_ID
Log_1,Node_124,Software,16.981123434387513,Tech_1
Log_2,Node_148,Hardware,43.696210419425455,Tech_2
Log_3,Node_20,Connectivity,7.1505650856301335,Tech_3
Log_4,Node_273,Hardware,50.82705682047193,Tech_4
Log_5,Node_119,Hardware,73.72826827608918,Tech_5
Log_6,Node_52,Software,25.45811373436654,Tech_6
Log_7,Node_57,Hardware,93.35045231755035,Tech_7
Log_8,Node_79,Connectivity,16.623984466304222,Tech_8
Log_9,Node_224,Connectivity,81.10123786461902,Tech_9
Log_10,Node_160,Software,19.15078806802448,Tech_10
Log_11,Node_140,Hardware,88.54353927283267,Tech_11
Log_12,Node_87,Software,41.8281130040958,Tech_12
Log_13,Node_207,Hardware,54.38446262560552,Tech_13
Log_14,Node_155,Hardware,50.685946828515355,Tech_14
Log_15,Node_51,Hardware,62.402536999762326,Tech_15
Log_16,Node_42,Software,36.979075595138795,Tech_16
Log_17,Node_124,Connectivity,87.63076048412641,Tech_17
Log_18,Node_247,Hardware,60.822874770399835,Tech_18
Log_19,Node_112,Connectivity,2.157070733418853,Tech_19
Log_20,Node_152,Connectivity,64.35938338595798,Tech_20
Log_21,Node_223,Hardware,21.843225420375692,Tech_21
Log_22,Node_9,Hardware,63.29094676864511,Tech_22
Log_23,Node_261,Software,45.17466028221338,Tech_23
Log_24,Node_284,Software,57.607523190166084,Tech_24
Log_25,Node_202,Software,34.47877445872122,Tech_25
Log_26,Node_113,Hardware,32.92166101862735,Tech_26
Log_27,Node_193,Hardware,24.73716364150006,Tech_27
Log_28,Node_3,Hardware,62.93273602335238,Tech_28
Log_29,Node_53,Connectivity,9.71088277141854,Tech_29
Log_30,Node_295,Connectivity,66.35880265007064,Tech_30
Log_31,Node_113,Hardware,94.19728648420708,Tech_1
Log_32,Node_125,Software,84.56897999178936,Tech_2
Log_33,Node_62,Hardware,36.68306954648172,Tech_3
Log_34,Node_201,Hardware,41.56204491446072,Tech_4
Log_35,Node_110,Software,69.16356597013339,Tech_5
Log_36,Node_143,Software,9.546934711972286,Tech_6
Log_37,Node_269,Software,4.597116172419484,Tech_7
Log_38,Node_156,Hardware,95.02468135592474,Tech_8
Log_39,Node_103,Connectivity,69.98937620241024,Tech_9
Log_40,Node_136,Connectivity,2.099771256170496,Tech_10
Log_41,Node_183,Software,6.114508994377855,Tech_11
Log_42,Node_275,Software,65.99828331086249,Tech_12
Log_43,Node_167,Software,35.87249759126939,Tech_13
Log_44,Node_12,Hardware,72.82656641190383,Tech_14
Log_45,Node_89,Hardware,49.318045058793665,Tech_15
Log_46,Node_43,Hardware,6.4654596091370795,Tech_16
Log_47,Node_106,Software,25.114537146076547,Tech_17
Log_48,Node_196,Software,80.50340602625404,Tech_18
Log_49,Node_242,Software,67.27625999697308,Tech_19
Log_50,Node_234,Hardware,91.73750720945436,Tech_20
Log_51,Node_192,Connectivity,12.102031905112666,Tech_21
Log_52,Node_231,Hardware,93.45093276988902,Tech_22
Log_53,Node_204,Hardware,58.13394212583558,Tech_23
Log_54,Node_11,Hardware,26.858242730101527,Tech_24
Log_55,Node_3,Hardware,76.84427311788602,Tech_25
Log_56,Node_115,Hardware,6.369577469845474,Tech_26
Log_57,Node_165,Connectivity,70.98912771467388,Tech_27
Log_58,Node_279,Hardware,23.2827640532653,Tech_28
Log_59,Node_66,Hardware,39.79261947099046,Tech_29
Log_60,Node_134,Hardware,2.078339464516007,Tech_30
Log_61,Node_7,Connectivity,87.74538065216795,Tech_1
Log_62,Node_239,Software,40.987049738879875,Tech_2
Log_63,Node_66,Software,33.44834219949687,Tech_3
Log_64,Node_153,Software,22.682135116879955,Tech_4
Log_65,Node_292,Software,74.6595710220433,Tech_5
Log_66,Node_182,Software,61.57054017850556,Tech_6
Log_67,Node_83,Connectivity,17.1273042117807,Tech_7
Log_68,Node_193,Hardware,13.922823462425466,Tech_8
Log_69,Node_229,Software,56.59423015501495,Tech_9
Log_70,Node_80,Software,27.83458241755982,Tech_10
Log_71,Node_31,Software,53.42090483152572,Tech_11
Log_72,Node_258,Software,11.431832953535412,Tech_12
Log_73,Node_188,Connectivity,78.93568782554206,Tech_13
Log_74,Node_10,Software,52.04569503271658,Tech_14
Log_75,Node_232,Software,9.193394308818737,Tech_15
Log_76,Node_14,Connectivity,28.13190720257932,Tech_16
Log_77,Node_295,Software,27.55894889852205,Tech_17
Log_78,Node_271,Hardware,77.37941766684028,Tech_18
Log_79,Node_186,Hardware,43.16015449863402,Tech_19
Log_80,Node_134,Hardware,13.6437642879731,Tech_20
Log_81,Node_41,Connectivity,17.73481021187436,Tech_21
Log_82,Node_172,Hardware,60.141317592535394,Tech_22
Log_83,Node_40,Software,45.85299648532793,Tech_23
Log_84,Node_34,Hardware,1.973546212385132,Tech_24
Log_85,Node_45,Connectivity,85.34163785653458,Tech_25
Log_86,Node_263,Software,65.28828577234127,Tech_26
Log_87,Node_75,Hardware,86.14237241954974,Tech_27
Log_88,Node_156,Hardware,35.185283931772354,Tech_28
Log_89,Node_246,Software,41.73985416420348,Tech_29
Log_90,Node_286,Software,76.22340971504825,Tech_30
Log_91,Node_209,Software,87.55736301445995,Tech_1
Log_92,Node_152,Connectivity,66.34837485680667,Tech_2
Log_93,Node_206,Connectivity,78.9750835169194,Tech_3
Log_94,Node_287,Software,72.22744208149753,Tech_4
Log_95,Node_29,Software,17.3852658713186,Tech_5
Log_96,Node_78,Software,36.87182645608247,Tech_6
Log_97,Node_153,Software,18.7725076275362,Tech_7
Log_98,Node_150,Hardware,69.5544139619179,Tech_8
Log_99,Node_61,Software,20.063983485274342,Tech_9
Log_100,Node_73,Hardware,60.10299068294202,Tech_10
Log_101,Node_261,Connectivity,78.62184892726727,Tech_11
Log_102,Node_30,Hardware,45.925127950982706,Tech_12
Log_103,Node_179,Software,36.78053024563134,Tech_13
Log_104,Node_262,Software,9.817845296317183,Tech_14
Log_105,Node_178,Software,78.21546717381379,Tech_15
Log_106,Node_276,Software,44.40309256225067,Tech_16
Log_107,Node_290,Connectivity,30.580195657880427,Tech_17
Log_108,Node_31,Connectivity,21.67978742668455,Tech_18
Log_109,Node_54,Software,38.23626356628066,Tech_19
Log_110,Node_29,Connectivity,36.00857201118125,Tech_20
Log_111,Node_10,Connectivity,58.74859779596007,Tech_21
Log_112,Node_75,Hardware,19.5677386913071,Tech_22
Log_113,Node_183,Hardware,76.48269982177555,Tech_23
Log_114,Node_201,Software,79.09864543742916,Tech_24
Log_115,Node_154,Software,6.6092663949527,Tech_25
Log_116,Node_151,Connectivity,17.230207539496348,Tech_26
Log_117,Node_191,Hardware,58.12895290057413,Tech_27
Log_118,Node_35,Software,33.67899162633034,Tech_28
Log_119,Node_192,Software,19.286975563009275,Tech_29
Log_120,Node_151,Software,31.812591086921834,Tech_30
Log_121,Node_226,Connectivity,47.714644160810266,Tech_1
Log_122,Node_127,Hardware,19.833011628689203,Tech_2
Log_123,Node_210,Connectivity,4.758345118327059,Tech_3
Log_124,Node_92,Hardware,42.054757079462995,Tech_4
Log_125,Node_154,Software,93.20028249049275,Tech_5
Log_126,Node_298,Software,61.22856660646474,Tech_6
Log_127,Node_29,Hardware,15.620862194270645,Tech_7
Log_128,Node_186,Hardware,1.3562207672131035,Tech_8
Log_129,Node_146,Software,86.12291916698271,Tech_9
Log_130,Node_298,Software,6.203967448357407,Tech_10
Log_131,Node_121,Hardware,1.684471219854554,Tech_11
Log_132,Node_18,Hardware,70.69844335324561,Tech_12
Log_133,Node_243,Software,67.23866397323867,Tech_13
Log_134,Node_168,Connectivity,28.676034180452003,Tech_14
Log_135,Node_275,Connectivity,9.437469807373802,Tech_15
Log_136,Node_191,Software,45.637269122587696,Tech_16
Log_137,Node_131,Hardware,15.611455742372542,Tech_17
Log_138,Node_21,Software,41.072612684866264,Tech_18
Log_139,Node_112,Software,42.19333567121371,Tech_19
Log_140,Node_178,Connectivity,65.20651149325869,Tech_20
Log_141,Node_125,Connectivity,91.05392197024311,Tech_21
Log_142,Node_196,Hardware,79.80288546714065,Tech_22
Log_143,Node_77,Hardware,10.739552633139413,Tech_23
Log_144,Node_285,Software,25.479456608136815,Tech_24
Log_145,Node_133,Connectivity,41.17432863445129,Tech_25
Log_146,Node_8,Software,80.07184341925344,Tech_26
Log_147,Node_2,Connectivity,15.524349752802765,Tech_27
Log_148,Node_195,Connectivity,86.16158813145923,Tech_28
Log_149,Node_146,Software,91.04527868054979,Tech_29
Log_150,Node_181,Hardware,1.8072456294362547,Tech_30
Log_151,Node_110,Software,53.015396917851845,Tech_1
Log_152,Node_189,Connectivity,44.900086885256435,Tech_2
Log_153,Node_90,Connectivity,88.43729324264581,Tech_3
Log_154,Node_39,Hardware,13.244771701592633,Tech_4
Log_155,Node_101,Software,26.71596682746887,Tech_5
Log_156,Node_60,Hardware,83.69208412249559,Tech_6
Log_157,Node_131,Software,77.99162128626888,Tech_7
Log_158,Node_46,Connectivity,42.39243683746478,Tech_8
Log_159,Node_255,Software,48.96679791762886,Tech_9
Log_160,Node_15,Software,17.597881967897777,Tech_10
Log_161,Node_40,Software,59.86019061656797,Tech_11
Log_162,Node_229,Software,68.10969672838752,Tech_12
Log_163,Node_285,Hardware,65.65460859605653,Tech_13
Log_164,Node_156,Hardware,37.24115782755989,Tech_14
Log_165,Node_67,Connectivity,76.18827742347882,Tech_15
Log_166,Node_282,Connectivity,28.215436973578996,Tech_16
Log_167,Node_70,Software,69.29760805827236,Tech_17
Log_168,Node_54,Connectivity,83.42333451583178,Tech_18
Log_169,Node_210,Software,58.0657031043481,Tech_19
Log_170,Node_110,Software,88.80818693494308,Tech_20
Log_171,Node_183,Hardware,8.72735665304581,Tech_21
Log_172,Node_47,Software,30.979459240259654,Tech_22
Log_173,Node_224,Hardware,59.89685183007296,Tech_23
Log_174,Node_126,Software,36.36904619682695,Tech_24
Log_175,Node_115,Connectivity,9.2058352086435,Tech_25
Log_176,Node_138,Hardware,27.209289649068424,Tech_26
Log_177,Node_244,Connectivity,31.537461127081826,Tech_27
Log_178,Node_206,Software,60.37629990348288,Tech_28
Log_179,Node_285,Hardware,86.4407211600912,Tech_29
Log_180,Node_210,Software,83.86058551805972,Tech_30
Log_181,Node_36,Hardware,25.90006032694434,Tech_1
Log_182,Node_246,Hardware,4.1620100930812,Tech_2
Log_183,Node_210,Software,81.2845442592904,Tech_3
Log_184,Node_99,Software,55.6383330995134,Tech_4
Log_185,Node_120,Hardware,66.32872839749776,Tech_5
Log_186,Node_229,Hardware,68.7903083762614,Tech_6
Log_187,Node_161,Hardware,47.31144501969715,Tech_7
Log_188,Node_9,Software,64.55629816554566,Tech_8
Log_189,Node_158,Software,55.56299188559887,Tech_9
Log_190,Node_20,Software,50.08024850337582,Tech_10
Log_191,Node_277,Connectivity,24.243041729327306,Tech_11
Log_192,Node_227,Software,87.75868997213674,Tech_12
Log_193,Node_197,Hardware,1.9022509674996377,Tech_13
Log_194,Node_187,Hardware,74.1584954271687,Tech_14
Log_195,Node_198,Software,85.04620121419373,Tech_15
Log_196,Node_254,Hardware,74.56959576100583,Tech_16
Log_197,Node_114,Software,56.62558753583845,Tech_17
Log_198,Node_48,Hardware,15.821599690811928,Tech_18
Log_199,Node_21,Hardware,62.96318678845761,Tech_19
Log_200,Node_111,Software,85.10315480684014,Tech_20
Log_201,Node_167,Software,95.98200828332136,Tech_21
Log_202,Node_66,Connectivity,74.39688760077775,Tech_22
Log_203,Node_132,Software,51.81746184031883,Tech_23
Log_204,Node_22,Hardware,55.18667547193594,Tech_24
Log_205,Node_52,Hardware,58.44639757128939,Tech_25
Log_206,Node_76,Software,51.64754186784263,Tech_26
Log_207,Node_251,Hardware,42.60189001954715,Tech_27
Log_208,Node_19,Software,88.03032362780995,Tech_28
Log_209,Node_29,Connectivity,40.216660123366566,Tech_29
Log_210,Node_290,Hardware,8.127000954248324,Tech_30
Log_211,Node_173,Software,50.93394131864806,Tech_1
Log_212,Node_195,Hardware,56.20160819386344,Tech_2
Log_213,Node_130,Hardware,47.12234357956246,Tech_3
Log_214,Node_67,Hardware,56.57786988338593,Tech_4
Log_215,Node_52,Software,50.32628056633083,Tech_5
Log_216,Node_66,Software,8.963448183284967,Tech_6
Log_217,Node_80,Connectivity,86.50005376527817,Tech_7
Log_218,Node_247,Connectivity,76.68755445235185,Tech_8
Log_219,Node_11,Connectivity,75.39143660114469,Tech_9
Log_220,Node_22,Hardware,67.42762107084884,Tech_10
Log_221,Node_151,Hardware,28.024253422469222,Tech_11
Log_222,Node_88,Connectivity,40.91735662439233,Tech_12
Log_223,Node_228,Software,60.503151658471886,Tech_13
Log_224,Node_183,Hardware,88.50920361007229,Tech_14
Log_225,Node_189,Connectivity,31.628728803586913,Tech_15
Log_226,Node_239,Software,47.78219956834414,Tech_16
Log_227,Node_35,Software,40.13578030450527,Tech_17
Log_228,Node_152,Hardware,33.088536019829675,Tech_18
Log_229,Node_168,Hardware,3.725034071439282,Tech_19
Log_230,Node_57,Hardware,21.737636313529197,Tech_20
Log_231,Node_172,Connectivity,95.42210721697477,Tech_21
Log_232,Node_248,Hardware,92.5675850374561,Tech_22
Log_233,Node_208,Hardware,85.67590534199542,Tech_23
Log_234,Node_42,Software,87.77762240162565,Tech_24
Log_235,Node_276,Connectivity,57.5449917878112,Tech_25
Log_236,Node_133,Hardware,57.62945508789748,Tech_26
Log_237,Node_2,Connectivity,38.32344948540009,Tech_27
Log_238,Node_275,Hardware,55.78269717009145,Tech_28
Log_239,Node_109,Software,69.63608543075138,Tech_29
Log_240,Node_193,Connectivity,46.44258806610522,Tech_30
Log_241,Node_61,Hardware,43.06518680273355,Tech_1
Log_242,Node_16,Connectivity,16.607510962943902,Tech_2
Log_243,Node_224,Software,39.410002805516875,Tech_3
Log_244,Node_202,Software,20.625810200663107,Tech_4
Log_245,Node_283,Connectivity,12.05668059349839,Tech_5
Log_246,Node_266,Hardware,20.79125613043088,Tech_6
Log_247,Node_67,Software,39.241671793307376,Tech_7
Log_248,Node_53,Software,63.68670224786956,Tech_8
Log_249,Node_228,Software,9.408573819233235,Tech_9
Log_250,Node_231,Software,14.193756165410647,Tech_10
Log_251,Node_183,Hardware,12.78410554528,Tech_11
Log_252,Node_19,Connectivity,79.2547910587698,Tech_12
Log_253,Node_262,Hardware,37.87568983335297,Tech_13
Log_254,Node_3,Hardware,57.28311145048602,Tech_14
Log_255,Node_291,Software,84.94859915701154,Tech_15
Log_256,Node_14,Software,75.28613216519685,Tech_16
Log_257,Node_4,Hardware,95.65511140960817,Tech_17
Log_258,Node_116,Hardware,88.41788839220733,Tech_18
Log_259,Node_183,Connectivity,83.87044162108495,Tech_19
Log_260,Node_123,Software,69.66381227855057,Tech_20
Log_261,Node_59,Software,1.8457098309023485,Tech_21
Log_262,Node_252,Connectivity,56.868367682246614,Tech_22
Log_263,Node_119,Software,90.36905167656035,Tech_23
Log_264,Node_100,Software,69.5665515648748,Tech_24
Log_265,Node_72,Connectivity,57.04112725386032,Tech_25
Log_266,Node_225,Hardware,60.53658252827265,Tech_26
Log_267,Node_241,Connectivity,87.53170238044683,Tech_27
Log_268,Node_41,Hardware,59.829179293641346,Tech_28
Log_269,Node_81,Software,70.31595915848338,Tech_29
Log_270,Node_4,Software,33.670353332161376,Tech_30
Log_271,Node_136,Software,57.54310906845852,Tech_1
Log_272,Node_171,Software,1.4866110243459165,Tech_2
Log_273,Node_69,Hardware,61.88806723565326,Tech_3
Log_274,Node_108,Software,14.308619509146059,Tech_4
Log_275,Node_98,Software,18.132594184968458,Tech_5
Log_276,Node_22,Hardware,3.238848606818525,Tech_6
Log_277,Node_20,Connectivity,33.320762389497546,Tech_7
Log_278,Node_129,Hardware,53.7364783592257,Tech_8
Log_279,Node_116,Hardware,45.258642905503336,Tech_9
Log_280,Node_195,Connectivity,18.166081341822334,Tech_10
Log_281,Node_280,Hardware,25.737693567722587,Tech_11
Log_282,Node_209,Software,52.44071890533722,Tech_12
Log_283,Node_112,Software,15.320551506920669,Tech_13
Log_284,Node_189,Hardware,44.27407397607784,Tech_14
Log_285,Node_45,Hardware,83.03737277958271,Tech_15
Log_286,Node_47,Connectivity,29.92267166406638,Tech_16
Log_287,Node_295,Hardware,53.448736111492494,Tech_17
Log_288,Node_299,Hardware,65.87025991379322,Tech_18
Log_289,Node_91,Software,63.712417890149354,Tech_19
Log_290,Node_42,Hardware,25.948679345546307,Tech_20
Log_291,Node_151,Hardware,5.9051722666514035,Tech_21
Log_292,Node_147,Hardware,50.16116179871746,Tech_22
Log_293,Node_162,Hardware,33.785128972760695,Tech_23
Log_294,Node_20,Software,91.70246377894976,Tech_24
Log_295,Node_131,Hardware,23.593929952141206,Tech_25
Log_296,Node_223,Connectivity,79.2680655058305,Tech_26
Log_297,Node_54,Software,80.19396167459368,Tech_27
Log_298,Node_259,Connectivity,56.47055929418897,Tech_28
Log_299,Node_60,Connectivity,63.57269502466216,Tech_29
Log_300,Node_291,Software,59.700467864296265,Tech_30
Log_301,Node_205,Connectivity,33.80325320667119,Tech_1
Log_302,Node_119,Connectivity,56.31093361822202,Tech_2
Log_303,Node_7,Connectivity,46.19286308594914,Tech_3
Log_304,Node_40,Software,91.16918297384409,Tech_4
Log_305,Node_85,Hardware,90.01622686861761,Tech_5
Log_306,Node_278,Hardware,16.703321043405996,Tech_6
Log_307,Node_164,Connectivity,11.284835527396206,Tech_7
Log_308,Node_79,Hardware,25.306651783784194,Tech_8
Log_309,Node_139,Hardware,58.31041963056205,Tech_9
Log_310,Node_275,Software,31.43043763115893,Tech_10
Log_311,Node_63,Software,54.42469631874963,Tech_11
Log_312,Node_69,Software,70.76264654507027,Tech_12
Log_313,Node_127,Software,71.83719192721776,Tech_13
Log_314,Node_282,Hardware,39.78501536267281,Tech_14
Log_315,Node_16,Software,62.28046991417235,Tech_15
Log_316,Node_219,Hardware,42.78301886135323,Tech_16
Log_317,Node_171,Hardware,87.27067386207412,Tech_17
Log_318,Node_172,Software,9.51147234033222,Tech_18
Log_319,Node_5,Software,73.05099928856191,Tech_19
Log_320,Node_32,Connectivity,70.0145911250087,Tech_20
Log_321,Node_38,Software,45.157578943268724,Tech_21
Log_322,Node_264,Software,48.49415447282544,Tech_22
Log_323,Node_153,Hardware,83.01200612926172,Tech_23
Log_324,Node_3,Software,46.32587140689262,Tech_24
Log_325,Node_156,Hardware,74.5099904449147,Tech_25
Log_326,Node_82,Hardware,76.08666078115506,Tech_26
Log_327,Node_68,Software,41.02508487623642,Tech_27
Log_328,Node_203,Software,43.43249264510139,Tech_28
Log_329,Node_176,Software,22.67564545445315,Tech_29
Log_330,Node_236,Hardware,65.96116526564506,Tech_30
Log_331,Node_159,Hardware,18.126473884912386,Tech_1
Log_332,Node_222,Hardware,4.785494973211128,Tech_2
Log_333,Node_77,Software,51.95280018186251,Tech_3
Log_334,Node_230,Software,16.844488556410333,Tech_4
Log_335,Node_15,Hardware,19.88026164572624,Tech_5
Log_336,Node_283,Hardware,33.27568754652846,Tech_6
Log_337,Node_42,Software,42.08152960716895,Tech_7
Log_338,Node_205,Software,64.11445528861118,Tech_8
Log_339,Node_37,Software,84.09358805844293,Tech_9
Log_340,Node_291,Software,49.164728528308814,Tech_10
Log_341,Node_293,Software,80.68012201687809,Tech_11
Log_342,Node_157,Connectivity,24.137741563034982,Tech_12
Log_343,Node_153,Software,36.630127640874186,Tech_13
Log_344,Node_80,Hardware,71.54288242395764,Tech_14
Log_345,Node_287,Hardware,82.27992110771689,Tech_15
Log_346,Node_226,Connectivity,32.69555280739199,Tech_16
Log_347,Node_72,Hardware,66.83190340282766,Tech_17
Log_348,Node_149,Software,26.742298694612785,Tech_18
Log_349,Node_198,Software,41.48187542913196,Tech_19
Log_350,Node_113,Hardware,5.129220250482476,Tech_20
Log_351,Node_107,Software,71.7174876549098,Tech_21
Log_352,Node_65,Hardware,7.356632254955434,Tech_22
Log_353,Node_278,Connectivity,74.79661147763636,Tech_23
Log_354,Node_8,Hardware,32.15641268124492,Tech_24
Log_355,Node_48,Software,95.93946894901441,Tech_25
Log_356,Node_30,Connectivity,71.59331924427018,Tech_26
Log_357,Node_221,Connectivity,46.84672304786902,Tech_27
Log_358,Node_147,Hardware,26.304030494432624,Tech_28
Log_359,Node_193,Software,50.67932313733188,Tech_29
Log_360,Node_180,Hardware,90.2597608460062,Tech_30
Log_361,Node_97,Hardware,28.894948060974567,Tech_1
Log_362,Node_133,Software,45.045280858236644,Tech_2
Log_363,Node_247,Connectivity,13.647708603839622,Tech_3
Log_364,Node_292,Software,92.45358845120815,Tech_4
Log_365,Node_62,Software,51.60720692808665,Tech_5
Log_366,Node_179,Hardware,93.98613697720594,Tech_6
Log_367,Node_181,Connectivity,43.40456301372403,Tech_7
Log_368,Node_179,Hardware,87.61757307088827,Tech_8
Log_369,Node_119,Software,32.70833310605664,Tech_9
Log_370,Node_198,Hardware,31.15101160641559,Tech_10
Log_371,Node_292,Software,17.07062359600669,Tech_11
Log_372,Node_185,Hardware,20.301460469700114,Tech_12
Log_373,Node_205,Software,54.61447963786409,Tech_13
Log_374,Node_21,Hardware,40.22949483920563,Tech_14
Log_375,Node_254,Software,83.64816111233509,Tech_15
Log_376,Node_276,Connectivity,24.472661941055996,Tech_16
Log_377,Node_233,Hardware,75.19347060983881,Tech_17
Log_378,Node_142,Software,74.4397785810857,Tech_18
Log_379,Node_58,Software,90.15475755402122,Tech_19
Log_380,Node_275,Connectivity,15.111157022660063,Tech_20
Log_381,Node_85,Connectivity,9.930241578600619,Tech_21
Log_382,Node_21,Software,17.27236032045585,Tech_22
Log_383,Node_83,Connectivity,49.127628698434634,Tech_23
Log_384,Node_150,Hardware,66.420240272989,Tech_24
Log_385,Node_22,Software,53.571780871381684,Tech_25
Log_386,Node_62,Software,74.15918201560893,Tech_26
Log_387,Node_159,Software,88.20369192961807,Tech_27
Log_388,Node_298,Connectivity,17.29592711444683,Tech_28
Log_389,Node_154,Software,39.830808485060146,Tech_29
Log_390,Node_57,Software,83.11668336342878,Tech_30
Log_391,Node_121,Hardware,7.143462219698372,Tech_1
Log_392,Node_48,Hardware,54.761139649490445,Tech_2
Log_393,Node_167,Connectivity,60.40170358556481,Tech_3
Log_394,Node_188,Software,57.23928986292919,Tech_4
Log_395,Node_224,Connectivity,25.459605329934522,Tech_5
Log_396,Node_277,Software,50.47572033616697,Tech_6
Log_397,Node_20,Software,45.95256787255295,Tech_7
Log_398,Node_239,Hardware,46.44973475690625,Tech_8
Log_399,Node_242,Software,17.20787389290383,Tech_9
Log_400,Node_75,Software,31.395423365240802,Tech_10
Log_401,Node_274,Hardware,44.31890005953613,Tech_11
Log_402,Node_200,Hardware,86.02849638861159,Tech_12
Log_403,Node_248,Hardware,39.226509955842076,Tech_13
Log_404,Node_145,Hardware,93.91329664913809,Tech_14
Log_405,Node_98,Software,31.818151922803715,Tech_15
Log_406,Node_225,Connectivity,65.17743310137092,Tech_16
Log_407,Node_144,Software,52.313668469006224,Tech_17
Log_408,Node_102,Software,57.446634568904315,Tech_18
Log_409,Node_86,Software,94.5172030749559,Tech_19
Log_410,Node_285,Hardware,53.87291499234995,Tech_20
Log_411,Node_80,Software,86.15873566033571,Tech_21
Log_412,Node_281,Hardware,8.149366605302077,Tech_22
Log_413,Node_151,Hardware,75.95116364871411,Tech_23
Log_414,Node_194,Software,32.90658839202648,Tech_24
Log_415,Node_151,Hardware,64.90342628230525,Tech_25
Log_416,Node_164,Software,50.468538559957366,Tech_26
Log_417,Node_216,Hardware,67.14773002957307,Tech_27
Log_418,Node_208,Software,42.81305052363381,Tech_28
Log_419,Node_220,Software,21.278169094057272,Tech_29
Log_420,Node_170,Hardware,7.029421407487145,Tech_30
Log_421,Node_119,Software,66.18978890905258,Tech_1
Log_422,Node_236,Hardware,57.84052682096236,Tech_2
Log_423,Node_256,Hardware,74.86274788585149,Tech_3
Log_424,Node_130,Software,31.119781222128033,Tech_4
Log_425,Node_79,Connectivity,50.11719309361641,Tech_5
Log_426,Node_150,Connectivity,26.750197991692765,Tech_6
Log_427,Node_85,Hardware,52.00494412022761,Tech_7
Log_428,Node_265,Software,38.341984471211376,Tech_8
Log_429,Node_294,Hardware,31.016987485718847,Tech_9
Log_430,Node_188,Hardware,90.72247845821978,Tech_10
Log_431,Node_146,Hardware,45.03218109400589,Tech_11
Log_432,Node_147,Software,90.31958193110867,Tech_12
Log_433,Node_67,Hardware,33.7373512413892,Tech_13
Log_434,Node_193,Software,45.20918492180404,Tech_14
Log_435,Node_77,Hardware,93.45719309612225,Tech_15
Log_436,Node_107,Hardware,7.716740175559361,Tech_16
Log_437,Node_265,Software,30.039161650622567,Tech_17
Log_438,Node_9,Software,79.95235198915174,Tech_18
Log_439,Node_202,Connectivity,16.86339482328511,Tech_19
Log_440,Node_12,Software,87.80690110111257,Tech_20
Log_441,Node_142,Connectivity,86.62076899467795,Tech_21
Log_442,Node_51,Software,23.2308065064215,Tech_22
Log_443,Node_5,Software,37.603678324362335,Tech_23
Log_444,Node_293,Connectivity,9.735847993205933,Tech_24
Log_445,Node_32,Connectivity,49.544644989661435,Tech_25
Log_446,Node_280,Software,2.2547145440916276,Tech_26
Log_447,Node_222,Software,38.10539283726231,Tech_27
Log_448,Node_213,Connectivity,18.13442207471433,Tech_28
Log_449,Node_6,Hardware,45.477101993941226,Tech_29
Log_450,Node_166,Connectivity,91.25709823609321,Tech_30
Log_451,Node_184,Hardware,78.63233988544609,Tech_1
Log_452,Node_215,Hardware,9.408953133185403,Tech_2
Log_453,Node_102,Hardware,57.50534969850884,Tech_3
Log_454,Node_224,Hardware,51.043355392244976,Tech_4
Log_455,Node_263,Software,9.638126349504757,Tech_5
Log_456,Node_4,Software,20.919433306364482,Tech_6
Log_457,Node_202,Connectivity,82.45484420775068,Tech_7
Log_458,Node_135,Hardware,54.657944422642515,Tech_8
Log_459,Node_91,Software,30.263113975207556,Tech_9
Log_460,Node_254,Connectivity,9.90949232552447,Tech_10
Log_461,Node_4,Hardware,13.506488645567872,Tech_11
Log_462,Node_13,Software,81.54223630154615,Tech_12
Log_463,Node_89,Connectivity,77.28458530234052,Tech_13
Log_464,Node_227,Hardware,68.30539878818853,Tech_14
Log_465,Node_179,Hardware,42.88349422878422,Tech_15
Log_466,Node_61,Hardware,26.77671507624439,Tech_16
Log_467,Node_129,Hardware,83.56119992758663,Tech_17
Log_468,Node_69,Hardware,65.50571058890274,Tech_18
Log_469,Node_36,Connectivity,78.3588760495246,Tech_19
Log_470,Node_34,Software,62.715359266026205,Tech_20
Log_471,Node_134,Hardware,56.40512117478693,Tech_21
Log_472,Node_237,Hardware,1.537112254047591,Tech_22
Log_473,Node_230,Hardware,87.3533146372072,Tech_23
Log_474,Node_172,Software,27.52007508648945,Tech_24
Log_475,Node_276,Software,33.10904046549225,Tech_25
Log_476,Node_95,Hardware,35.80473564794942,Tech_26
Log_477,Node_274,Hardware,65.56058072772755,Tech_27
Log_478,Node_112,Hardware,95.43272731664693,Tech_28
Log_479,Node_85,Hardware,43.03880012803064,Tech_29
Log_480,Node_55,Connectivity,86.40952170854996,Tech_30
Log_481,Node_116,Connectivity,56.54079764684417,Tech_1
Log_482,Node_190,Connectivity,64.36530270666623,Tech_2
Log_483,Node_117,Connectivity,65.50302825956841,Tech_3
Log_484,Node_18,Software,47.886499035465526,Tech_4
Log_485,Node_247,Software,94.2355696219752,Tech_5
Log_486,Node_85,Software,44.40232618668416,Tech_6
Log_487,Node_10,Software,45.07167829382932,Tech_7
Log_488,Node_71,Software,74.63356909827802,Tech_8
Log_489,Node_24,Software,61.35718402523154,Tech_9
Log_490,Node_263,Software,52.388492552642624,Tech_10
Log_491,Node_243,Hardware,76.07302904004779,Tech_11
Log_492,Node_299,Software,81.1057861206047,Tech_12
Log_493,Node_296,Software,87.98705422475003,Tech_13
Log_494,Node_289,Hardware,82.51287151167189,Tech_14
Log_495,Node_84,Hardware,63.10563025375428,Tech_15
Log_496,Node_165,Connectivity,74.65822414971187,Tech_16
Log_497,Node_77,Software,65.50355538410975,Tech_17
Log_498,Node_18,Hardware,37.7320037586682,Tech_18
Log_499,Node_272,Hardware,53.70807046128407,Tech_19
Log_500,Node_144,Software,24.99858425072047,Tech_20
Log_501,Node_27,Hardware,61.956839088875086,Tech_21
Log_502,Node_64,Hardware,14.456104489325998,Tech_22
Log_503,Node_256,Hardware,25.962660139178663,Tech_23
Log_504,Node_210,Hardware,78.70719601427845,Tech_24
Log_505,Node_121,Software,1.9997008093925523,Tech_25
Log_506,Node_235,Hardware,52.75410097641537,Tech_26
Log_507,Node_80,Hardware,91.40371232356999,Tech_27
Log_508,Node_116,Software,14.594407204603982,Tech_28
Log_509,Node_248,Hardware,47.4380109413026,Tech_29
Log_510,Node_279,Hardware,89.26804297007551,Tech_30
Log_511,Node_153,Hardware,61.872191378594046,Tech_1
Log_512,Node_141,Hardware,57.72756745727356,Tech_2
Log_513,Node_203,Hardware,14.649512568276025,Tech_3
Log_514,Node_216,Connectivity,2.3710129278809413,Tech_4
Log_515,Node_183,Software,29.98204960250211,Tech_5
Log_516,Node_60,Hardware,10.073165262945809,Tech_6
Log_517,Node_155,Software,72.4374732977115,Tech_7
Log_518,Node_164,Hardware,87.66143763747087,Tech_8
Log_519,Node_45,Connectivity,20.443106393987403,Tech_9
Log_520,Node_179,Hardware,13.283840696723395,Tech_10
Log_521,Node_216,Hardware,8.009306445777035,Tech_11
Log_522,Node_56,Connectivity,90.05191410023079,Tech_12
Log_523,Node_64,Hardware,87.15857057453427,Tech_13
Log_524,Node_150,Hardware,88.81283742653841,Tech_14
Log_525,Node_185,Software,42.50002889153453,Tech_15
Log_526,Node_9,Hardware,29.652642525907822,Tech_16
Log_527,Node_106,Connectivity,58.75898934252093,Tech_17
Log_528,Node_138,Connectivity,8.409507114819462,Tech_18
Log_529,Node_256,Connectivity,83.61634498859283,Tech_19
Log_530,Node_157,Connectivity,20.880252892956364,Tech_20
Log_531,Node_106,Hardware,32.780943245605116,Tech_21
Log_532,Node_118,Software,31.0563947958204,Tech_22
Log_533,Node_150,Hardware,22.926687377166534,Tech_23
Log_534,Node_104,Hardware,16.881536400115003,Tech_24
Log_535,Node_59,Hardware,71.82529197644364,Tech_25
Log_536,Node_288,Hardware,82.15813300744789,Tech_26
Log_537,Node_41,Hardware,47.91130034272104,Tech_27
Log_538,Node_104,Software,94.58305374548956,Tech_28
Log_539,Node_233,Hardware,78.07960100724047,Tech_29
Log_540,Node_274,Hardware,80.92903547251736,Tech_30
Log_541,Node_155,Software,93.18986384837207,Tech_1
Log_542,Node_217,Software,35.080115589576444,Tech_2
Log_543,Node_241,Hardware,8.236327345694122,Tech_3
Log_544,Node_84,Software,46.10899251440712,Tech_4
Log_545,Node_123,Hardware,26.107957934602524,Tech_5
Log_546,Node_142,Hardware,93.0682197143707,Tech_6
Log_547,Node_18,Connectivity,58.064493240322065,Tech_7
Log_548,Node_207,Hardware,42.789058776573924,Tech_8
Log_549,Node_103,Connectivity,62.059607916698056,Tech_9
Log_550,Node_258,Connectivity,54.12849176708038,Tech_10
Log_551,Node_259,Hardware,19.18206201537273,Tech_11
Log_552,Node_80,Connectivity,33.469776132620034,Tech_12
Log_553,Node_148,Software,75.7988628907523,Tech_13
Log_554,Node_15,Hardware,66.04733414815398,Tech_14
Log_555,Node_161,Software,56.185890674269025,Tech_15
Log_556,Node_263,Connectivity,90.11887725847998,Tech_16
Log_557,Node_161,Hardware,55.926529295344736,Tech_17
Log_558,Node_162,Hardware,26.023328891188193,Tech_18
Log_559,Node_50,Hardware,48.09966843487565,Tech_19
Log_560,Node_162,Connectivity,51.18919050998635,Tech_20
Log_561,Node_228,Software,43.34061656725715,Tech_21
Log_562,Node_193,Hardware,55.04579111633931,Tech_22
Log_563,Node_137,Hardware,26.521328418651585,Tech_23
Log_564,Node_112,Hardware,76.96245662400175,Tech_24
Log_565,Node_268,Connectivity,83.96866919651542,Tech_25
Log_566,Node_151,Hardware,60.4557512354646,Tech_26
Log_567,Node_24,Hardware,21.731207441783727,Tech_27
Log_568,Node_298,Hardware,60.86328762211432,Tech_28
Log_569,Node_4,Hardware,18.97953436776785,Tech_29
Log_570,Node_172,Connectivity,27.380480001330387,Tech_30
Log_571,Node_70,Connectivity,22.85397223855507,Tech_1
Log_572,Node_190,Hardware,74.80150955196338,Tech_2
Log_573,Node_163,Connectivity,62.41519646824567,Tech_3
Log_574,Node_94,Software,49.17595474714228,Tech_4
Log_575,Node_136,Software,11.689093033959317,Tech_5
Log_576,Node_278,Software,4.8389290172431565,Tech_6
Log_577,Node_41,Software,13.909607571347218,Tech_7
Log_578,Node_65,Software,79.94400533468728,Tech_8
Log_579,Node_236,Connectivity,26.29677807672123,Tech_9
Log_580,Node_300,Hardware,26.27764889736973,Tech_10
Log_581,Node_98,Connectivity,79.40880548804046,Tech_11
Log_582,Node_184,Hardware,42.79453228809866,Tech_12
Log_583,Node_99,Software,43.76300821835983,Tech_13
Log_584,Node_144,Hardware,75.86373718771999,Tech_14
Log_585,Node_285,Software,23.742956378845975,Tech_15
Log_586,Node_150,Connectivity,43.71471375995292,Tech_16
Log_587,Node_92,Software,5.324232487082052,Tech_17
Log_588,Node_196,Hardware,86.7570387820225,Tech_18
Log_589,Node_265,Software,51.01602703285205,Tech_19
Log_590,Node_105,Software,64.55815377097483,Tech_20
Log_591,Node_286,Connectivity,34.08421478654023,Tech_21
Log_592,Node_192,Software,32.25743345362099,Tech_22
Log_593,Node_4,Connectivity,52.186161863764234,Tech_23
Log_594,Node_240,Software,33.80715297278106,Tech_24
Log_595,Node_239,Connectivity,7.718420388467526,Tech_25
Log_596,Node_258,Hardware,1.8123329328282969,Tech_26
Log_597,Node_58,Software,33.45625943816612,Tech_27
Log_598,Node_225,Software,14.73648060498613,Tech_28
Log_599,Node_195,Hardware,45.97497534790601,Tech_29
Log_600,Node_123,Hardware,83.35332806963099,Tech_30
Log_601,Node_5,Software,62.81722174045656,Tech_1
Log_602,Node_289,Hardware,13.875842369600923,Tech_2
Log_603,Node_19,Software,48.31158064504255,Tech_3
Log_604,Node_62,Software,72.97019147483637,Tech_4
Log_605,Node_280,Software,73.56175128888225,Tech_5
Log_606,Node_185,Connectivity,62.05811893911579,Tech_6
Log_607,Node_133,Hardware,1.2741571212556893,Tech_7
Log_608,Node_228,Software,21.142081221554832,Tech_8
Log_609,Node_278,Hardware,82.99167574385648,Tech_9
Log_610,Node_30,Hardware,77.94308626255906,Tech_10
Log_611,Node_38,Hardware,21.394533661658908,Tech_11
Log_612,Node_234,Software,78.58874550782654,Tech_12
Log_613,Node_94,Hardware,33.52767427037815,Tech_13
Log_614,Node_3,Hardware,94.19103977658989,Tech_14
Log_615,Node_137,Software,70.2213115888408,Tech_15
Log_616,Node_269,Hardware,75.47014280764294,Tech_16
Log_617,Node_212,Hardware,90.98249622189921,Tech_17
Log_618,Node_243,Hardware,19.923087148772318,Tech_18
Log_619,Node_194,Connectivity,29.116857442375995,Tech_19
Log_620,Node_117,Software,24.324132424178448,Tech_20
Log_621,Node_124,Hardware,11.614797104134201,Tech_21
Log_622,Node_28,Software,38.89574285005686,Tech_22
Log_623,Node_287,Connectivity,36.7007201693085,Tech_23
Log_624,Node_44,Connectivity,24.364812807824155,Tech_24
Log_625,Node_193,Hardware,80.82676815475713,Tech_25
Log_626,Node_22,Software,54.84521220819738,Tech_26
Log_627,Node_289,Connectivity,3.412476166455561,Tech_27
Log_628,Node_272,Connectivity,14.665730954791487,Tech_28
Log_629,Node_288,Hardware,57.380035504307685,Tech_29
Log_630,Node_148,Software,70.16843772497609,Tech_30
Log_631,Node_297,Software,54.144240197884535,Tech_1
Log_632,Node_91,Software,53.2640723183627,Tech_2
Log_633,Node_264,Connectivity,47.15746377525845,Tech_3
Log_634,Node_16,Hardware,38.72346094514342,Tech_4
Log_635,Node_262,Software,2.4227535055780844,Tech_5
Log_636,Node_12,Software,69.1308703318917,Tech_6
Log_637,Node_5,Hardware,45.78652075453691,Tech_7
Log_638,Node_249,Hardware,36.14366536039015,Tech_8
Log_639,Node_216,Software,10.253182342058869,Tech_9
Log_640,Node_1,Software,56.92033596121982,Tech_10
Log_641,Node_284,Software,31.536124882907956,Tech_11
Log_642,Node_24,Hardware,33.628493209171346,Tech_12
Log_643,Node_268,Software,91.80583959979796,Tech_13
Log_644,Node_52,Software,11.546047631477991,Tech_14
Log_645,Node_268,Software,59.49482316874738,Tech_15
Log_646,Node_165,Hardware,93.27850140000574,Tech_16
Log_647,Node_213,Hardware,71.28808428037527,Tech_17
Log_648,Node_1,Software,5.243924536340508,Tech_18
Log_649,Node_50,Hardware,19.77377190225119,Tech_19
Log_650,Node_163,Hardware,2.7603330393084566,Tech_20
Log_651,Node_207,Software,22.63241277618666,Tech_21
Log_652,Node_235,Hardware,44.182606340314805,Tech_22
Log_653,Node_73,Connectivity,76.65783867193026,Tech_23
Log_654,Node_32,Hardware,8.038229393896204,Tech_24
Log_655,Node_104,Software,39.43671022903482,Tech_25
Log_656,Node_181,Hardware,23.358510611865555,Tech_26
Log_657,Node_141,Connectivity,29.491733730721833,Tech_27
Log_658,Node_261,Connectivity,89.66375788124206,Tech_28
Log_659,Node_5,Hardware,28.003577015270498,Tech_29
Log_660,Node_114,Connectivity,60.89477169505241,Tech_30
Log_661,Node_208,Connectivity,59.931363921428336,Tech_1
Log_662,Node_247,Software,29.61555664429607,Tech_2
Log_663,Node_3,Hardware,90.52147379963934,Tech_3
Log_664,Node_231,Software,47.4372818883563,Tech_4
Log_665,Node_233,Software,16.58596425746385,Tech_5
Log_666,Node_184,Software,94.63866904321111,Tech_6
Log_667,Node_103,Hardware,78.78697347588655,Tech_7
Log_668,Node_71,Software,62.31849432569219,Tech_8
Log_669,Node_96,Software,48.225529538959535,Tech_9
Log_670,Node_283,Connectivity,43.59492047111889,Tech_10
Log_671,Node_120,Software,4.042732343790556,Tech_11
Log_672,Node_270,Software,34.67671501319432,Tech_12
Log_673,Node_18,Hardware,30.284091959334233,Tech_13
Log_674,Node_205,Software,3.4099150426888993,Tech_14
Log_675,Node_54,Software,19.933064975135512,Tech_15
Log_676,Node_50,Software,88.35821144594999,Tech_16
Log_677,Node_130,Hardware,59.27485845654844,Tech_17
Log_678,Node_247,Software,89.5737384194025,Tech_18
Log_679,Node_69,Software,1.573244751911568,Tech_19
Log_680,Node_217,Hardware,14.455647229963725,Tech_20
Log_681,Node_108,Software,24.28013437043408,Tech_21
Log_682,Node_24,Software,16.740333278601195,Tech_22
Log_683,Node_66,Hardware,34.7134320730755,Tech_23
Log_684,Node_81,Software,86.61425515967541,Tech_24
Log_685,Node_238,Software,93.7267464358463,Tech_25
Log_686,Node_266,Software,55.33500485478101,Tech_26
Log_687,Node_145,Software,17.876768797905633,Tech_27
Log_688,Node_286,Software,35.894272814778,Tech_28
Log_689,Node_246,Hardware,60.372386532884356,Tech_29
Log_690,Node_267,Hardware,33.190127204909615,Tech_30
Log_691,Node_280,Software,84.46489016440144,Tech_1
Log_692,Node_182,Software,3.494191716282142,Tech_2
Log_693,Node_96,Software,67.9167767556109,Tech_3
Log_694,Node_164,Connectivity,47.47819432956433,Tech_4
Log_695,Node_81,Connectivity,31.943591910887616,Tech_5
Log_696,Node_63,Hardware,68.23899415729021,Tech_6
Log_697,Node_70,Software,51.74541391260616,Tech_7
Log_698,Node_117,Hardware,76.13239037895224,Tech_8
Log_699,Node_82,Hardware,37.736587273196044,Tech_9
Log_700,Node_210,Software,16.991524097639594,Tech_10
Log_701,Node_36,Software,95.03117348317298,Tech_11
Log_702,Node_299,Connectivity,39.73655227346018,Tech_12
Log_703,Node_285,Software,3.4739078512586916,Tech_13
Log_704,Node_253,Software,59.144509467794,Tech_14
Log_705,Node_156,Hardware,79.86369819669208,Tech_15
Log_706,Node_193,Software,41.836083486295834,Tech_16
Log_707,Node_63,Connectivity,29.831825213105013,Tech_17
Log_708,Node_236,Software,38.00320712498493,Tech_18
Log_709,Node_146,Hardware,26.16197345795998,Tech_19
Log_710,Node_66,Hardware,30.948163014586065,Tech_20
Log_711,Node_145,Software,62.93137145871035,Tech_21
Log_712,Node_192,Hardware,38.65578636062057,Tech_22
Log_713,Node_253,Software,4.174430925739154,Tech_23
Log_714,Node_282,Connectivity,52.36375013040744,Tech_24
Log_715,Node_243,Software,38.7408124901902,Tech_25
Log_716,Node_274,Software,40.32057802199063,Tech_26
Log_717,Node_204,Software,15.128168811651285,Tech_27
Log_718,Node_37,Hardware,46.352359580607526,Tech_28
Log_719,Node_162,Hardware,48.97202938414544,Tech_29
Log_720,Node_233,Software,54.24064468316341,Tech_30
Log_721,Node_90,Connectivity,5.766166514511241,Tech_1
Log_722,Node_26,Software,1.620086306191665,Tech_2
Log_723,Node_45,Hardware,57.40675981541807,Tech_3
Log_724,Node_198,Hardware,26.98885561409131,Tech_4
Log_725,Node_104,Software,7.097479132985761,Tech_5
Log_726,Node_98,Software,17.789677465792906,Tech_6
Log_727,Node_10,Hardware,71.40454923345675,Tech_7
Log_728,Node_221,Hardware,39.27307811202277,Tech_8
Log_729,Node_300,Software,32.42823451353645,Tech_9
Log_730,Node_78,Software,29.234125009964924,Tech_10
Log_731,Node_108,Hardware,57.975960555642054,Tech_11
Log_732,Node_248,Software,74.66536856762094,Tech_12
Log_733,Node_195,Hardware,5.117164026806317,Tech_13
Log_734,Node_245,Hardware,43.993359122409856,Tech_14
Log_735,Node_276,Software,17.665848712224655,Tech_15
Log_736,Node_19,Hardware,72.33907716855146,Tech_16
Log_737,Node_289,Hardware,29.05304251229515,Tech_17
Log_738,Node_258,Connectivity,38.03589667884027,Tech_18
Log_739,Node_113,Software,30.917282192407907,Tech_19
Log_740,Node_86,Software,81.97185695638757,Tech_20
Log_741,Node_177,Hardware,1.4493596089550445,Tech_21
Log_742,Node_5,Hardware,70.41156297302595,Tech_22
Log_743,Node_154,Software,59.58612369058793,Tech_23
Log_744,Node_81,Connectivity,53.61646217384424,Tech_24
Log_745,Node_197,Hardware,23.574672524204225,Tech_25
Log_746,Node_289,Connectivity,6.228806532514326,Tech_26
Log_747,Node_65,Hardware,4.506764944116163,Tech_27
Log_748,Node_110,Hardware,76.21446654945092,Tech_28
Log_749,Node_188,Hardware,66.52349006841105,Tech_29
Log_750,Node_236,Hardware,67.15091675161813,Tech_30
Log_751,Node_71,Software,63.67113793916656,Tech_1
Log_752,Node_110,Hardware,62.27448586814753,Tech_2
Log_753,Node_65,Software,15.348342138060843,Tech_3
Log_754,Node_40,Software,56.460360175307116,Tech_4
Log_755,Node_289,Software,10.589017841813483,Tech_5
Log_756,Node_57,Hardware,77.42780501458653,Tech_6
Log_757,Node_1,Hardware,76.11643081059295,Tech_7
Log_758,Node_233,Hardware,89.80842512195707,Tech_8
Log_759,Node_177,Hardware,5.63716855342272,Tech_9
Log_760,Node_46,Hardware,68.4385257180233,Tech_10
Log_761,Node_264,Software,67.8564127558128,Tech_11
Log_762,Node_156,Connectivity,67.88136482801997,Tech_12
Log_763,Node_145,Connectivity,15.329536565210185,Tech_13
Log_764,Node_51,Software,35.96692442196789,Tech_14
Log_765,Node_186,Hardware,38.43100213722461,Tech_15
Log_766,Node_258,Software,84.93345573235199,Tech_16
Log_767,Node_159,Connectivity,11.182553378005824,Tech_17
Log_768,Node_188,Software,71.45404067567674,Tech_18
Log_769,Node_63,Hardware,93.58044971999603,Tech_19
Log_770,Node_262,Software,69.44750844559151,Tech_20
Log_771,Node_1,Hardware,52.425982159367436,Tech_21
Log_772,Node_162,Hardware,26.88152261830254,Tech_22
Log_773,Node_99,Hardware,64.16055372160415,Tech_23
Log_774,Node_47,Hardware,78.21815577015408,Tech_24
Log_775,Node_24,Software,39.22697033517961,Tech_25
Log_776,Node_235,Hardware,37.76640874750593,Tech_26
Log_777,Node_275,Software,42.13616957729366,Tech_27
Log_778,Node_218,Software,59.33098183774743,Tech_28
Log_779,Node_265,Connectivity,35.61148449225179,Tech_29
Log_780,Node_224,Hardware,75.29351634667745,Tech_30
Log_781,Node_100,Software,18.011768187983385,Tech_1
Log_782,Node_254,Connectivity,84.75256916725773,Tech_2
Log_783,Node_238,Software,94.01433635717966,Tech_3
Log_784,Node_274,Software,23.663492348912943,Tech_4
Log_785,Node_135,Software,71.66978045378157,Tech_5
Log_786,Node_10,Software,22.087572428988405,Tech_6
Log_787,Node_183,Software,21.806260964379447,Tech_7
Log_788,Node_97,Connectivity,59.40466278765284,Tech_8
Log_789,Node_78,Connectivity,74.72090620548069,Tech_9
Log_790,Node_103,Hardware,93.64526321984957,Tech_10
Log_791,Node_182,Software,87.91753119449244,Tech_11
Log_792,Node_13,Software,27.53681870815773,Tech_12
Log_793,Node_121,Hardware,61.73486383249462,Tech_13
Log_794,Node_298,Hardware,12.231085257225685,Tech_14
Log_795,Node_45,Software,48.46265359702156,Tech_15
Log_796,Node_155,Connectivity,82.37656071891237,Tech_16
Log_797,Node_226,Software,58.076809172021534,Tech_17
Log_798,Node_120,Hardware,71.62322778884833,Tech_18
Log_799,Node_17,Hardware,42.81504381960837,Tech_19
Log_800,Node_109,Connectivity,22.802922609688377,Tech_20
